FoodItem,Calper100g
Applesauce,62
Canned Apricots,48
Canned Blackberries,92
Canned Blueberries,88
Canned Cherries,54
Canned Cranberries,178
Canned Crushed Pineapple,53
Canned Figs,107
Canned Fruit Cocktail,81
Canned Fruit Salad,50
Canned Gooseberries,73
Canned Grapefruit,37
Canned Grapes,76
Canned Mandarin Oranges,71
Canned Mango,65
Canned Mangosteen,73
Canned Mixed Fruit,71
Canned Morello Cherries,81
Canned Oranges,62
Canned Peaches,54
Canned Pears,35
Canned Pineapple,60
Canned Plums,58
Canned Raspberries,91
Canned Sliced Pineapple,53
Canned Sour Cherries,114
Canned Strawberries,92
Canned Tangerines,61
Dried Fruit,243
Acai,70
Apple,52
Applesauce,68
Apricot,48
Avocado,160
Banana,89
Blackberries,43
Blood Oranges,50
Blueberries,57
Cantaloupe,34
Cherries,50
Clementine,47
Cranberries,46
Currants,56
Custard Apple,101
Dates,282
Figs,74
Fruit salad,50
Grapes,69
Greengage,41
Guava,68
Jackfruit,95
Jujube,79
Kiwi,61
Lemon,29
Lime,30
Lychees,66
Mandarin Oranges,53
Mango,60
Minneola,64
Mulberries,43
Nectarine,44
Olives,115
Orange,47
Papaya,43
Passion Fruit,97
Peach,39
Pear,57
Persimmon,127
Physalis,49
Pineapple,50
Plantains,122
Plum,46
Pomegranate,83
Quince,57
Raisins,299
Rambutan,82
Raspberries,52
Rhubarb,21
Starfruit,31
Strawberries,32
Tamarind,239
Tangerine,53
Watermelon,30
Acerola,32
Asian Pear,42
Avocado,160
Banana,89
Breadfruit,103
Cantaloupe Melon,34
Casaba Melon,28
Cherimoya,75
Dragon Fruit,60
Durian,147
Feijoa,55
Galia Melon,23
Grapefruit,42
Guava,68
Honeydew,36
Jackfruit,95
Kiwi,61
Kumquat,71
Lychee,66
Mandarin Oranges,53
Mango,60
Mangosteen,73
Maracuya,97
Maraschino Cherries,165
Muskmelon,34
Noni,53
Passion Fruit,97
Pineapple,50
Pink Grapefruit,42
Plantain,122
Pomegranate,83
Pomelo,38
Prickly Pear,41
Rambutan,82
Sapodilla,83
Soursop Fruit,66
Star Fruit,31
Tamarind,239
Watermelon,30
All-blue Potatoes,61
Baked Potato,93
Boiled Potatoes,87
Cassava,160
Croquettes,127
Dumpling Dough,124
Dumplings,124
French Fingerling Potatoes,82
French Fries,312
Fried Potatoes,312
Gnocchi,133
Japanese Sweet Potatoes,87
Marrow Dumplings,424
Mashed Potatoes,89
Norland Red Potatoes,89
Omelette,154
Potato,77
Potato Dumpling,124
Potato Fritter,185
Potato Gratin,132
Potato Pancakes,268
Potato Salad,143
Potato Starch,331
Potato Sticks,522
Potato Waffles,167
Potato Wedges,123
Potatoes au Gratin,132
Purple Majesty Potatoes,72
Red Gold Potatoes,89
Red Potatoes,89
Roast Potatoes,149
Rosemary Potatoes,93
Rösti,138
Russet Potatoes,97
Russian Banana Potatoes,67
Sweet Potato,92
White Potatoes,94
Yams,116
Yukon Gold Potatoes,82
Artichoke,47
Arugula,25
Asparagus,20
Aubergine,25
Beetroot,43
Bell Pepper,20
Black Olives,115
Broccoli,34
Brussels Sprouts,43
Cabbage,25
Capsicum,27
Carrot,41
Cauliflower,25
Celery,16
Chard,19
Cherry Tomato,100
Chicory,72
Chinese Cabbage,16
Chives,30
Collard Greens,32
Corn,365
Courgette,17
Creamed Spinach,74
Cucumber,16
Eggplant,25
Endive,17
Fennel,31
Garlic,149
Gherkin,14
Gourd,14
Green Beans,31
Green Olives,115
Green Onion,32
Horseradish,48
Kale,49
Kohlrabi,27
Kumara,86
Leek,61
Lettuce,15
Mushrooms,22
Mustard Greens,27
Nori,35
Okra,33
Olives,115
Onion,40
Parsnips,75
Peas,81
Pepper,27
Potato,77
Pumpkin,26
Radishes,16
Red Cabbage,31
Rutabaga,38
Shallots,72
Spinach,23
Squash,45
Sweet Potato,86
Tomato,18
Turnip Greens,20
Turnips,28
Wasabi,109
Winter Squash,34
Zucchini,17
Arby’s Grand Turkey Club,210
Arby’s Reuben,208
Arby’s Roast Beef Classic,234
Arby’s Roast Beef Max,234
BBQ Rib,212
Bean Burrito,200
Big N’ Tasty,223
Bratwurst,333
Burger King Angry Whopper,255
Burger King Double Whopper,239
Burger King Double Whopper with Cheese,249
Burger King Original Chicken Sandwich,301
Burger King Premium Alaskan Fish Sandwich,259
Burger King Triple Whopper,269
Burger King Whopper,231
Burger King Whopper Jr.,234
Burger King Whopper with Cheese,241
Cheeseburger,263
Chicken Breast,163
Chicken Fajita,147
Chicken McNuggets,302
Chicken Nuggets,296
Chicken Pizziola,141
Chicken Sandwich,241
Chicken Teriyaki Sandwich,138
Chicken Wings,324
Chop Suey,172
Curly Fries,311
Double Cheeseburger,267
Egg Roll,250
Falafel,335
Filet-o-Fish,282
Fish and Chips,195
Fish Sandwich,273
French Fries,312
Grilled Chicken Salad,88
Ham Sandwich,241
Hamburger,254
Hot Dog,269
Italian BMT,183
Lasagna,132
McDonald’s Big Mac,256
McDonald’s Cheeseburger,263
McDonald’s Chicken Nuggets,297
McDonald’s Double Cheeseburger,282
McDonald’s Filet-o-Fish,275
McDonald’s McChicken,251
McDonald’s McDouble,252
McDonald’s McMuffi Egg,225
McDonald’s McRib,265
McDonald’s Mighty Wings,308
McRib,265
Meatball Sandwich,161
Nachos with Cheese,306
Onion Rings,411
Smoked Salmon,158
Spicy Italian,219
Subway Club Sandwich,131
Tortilla Wrap,271
Tuna,86
Turkey,104
Veggie Burger,181
Veggie Delight,138
Veggie Patty,390
Wendy’s Baconator,304
Wendy’s Jr. Bacon Cheeseburger,261
Wendy’s Jr. Cheeseburger,225
Wendy’s Son of Baconator,321
Whopper,231
Zinger,256
Zinger Burger,256
Poutine,227
BBQ Chicken Pizza,234
BBQ Pizza,224
Beef Pizza,304
Bianca Pizza,246
Buffalo Chicken Pizza,252
Calabrese Pizza,235
Calzone,231
Capricciosa Pizza,260
Cheese Pizza,267
Chicken Pizza,234
Deep Dish Pizza,265
Dominos Philly Cheese Steak Pizza,224
Four Cheese Pizza,221
Goat Cheese Pizza,219
Grilled Pizza,226
Hawaiian Pizza,115
Margherita Pizza,275
Mozzarella Pizza,249
Mushroom Pizza,212
Napoli Pizza,202
New York Style Pizza,169
Pepperoni Pizza,255
Pizza Dough,228
Pizza Hut Stuffed Crust Pizza,255
Pizza Hut Supreme Pizza,248
Pizza Rolls,247
Quattro Formaggi Pizza,248
Red Pepper Pizza,192
Salami Pizza,255
Sausage Pizza,246
Seafood Pizza,245
Shrimp Pizza,209
Sicilian Pizza,241
Spinach Feta Pizza,242
Spinach Pizza,234
Stuffed Crust Pizza,255
Tarte Flambée,253
Thin Crust Pizza,261
Tuna Pizza,254
Vegetable Pizza,256
Vegetarian Pizza,256
Veggie Pizza,231
White Pizza,246
American Cheese,148
Applewood,410
Asiago Cheese,392
Babybel,333
Blue Cheese,353
Brie,334
Camembert,300
Cheddar,403
Cheese Fondue,228
Cheese Spread,290
Cheese Whiz,276
Chester,387
Colby Cheese,394
Colby-Jack Cheese,394
Cottage Cheese,98
Dutch Cheese,393
Edam Cheese,357
Emmentaler,357
Feta,264
Fontina,389
Fresh Mozzarella,280
Gjetost,466
Goat Cheese,364
Gorgonzola,350
Gouda,356
Grated Parmesan,431
Grilled Cheese,350
Gruyere,413
Halloumi,321
Havarti,371
Italian Cheese,397
Jarlsberg,352
Maasdam Cheese,344
Manchego Cheese,320
Monterey,373
Monterey Jack Cheese,373
Mozzarella,280
Muenster Cheese,368
Neufchatel,253
Parmesan,431
Pecorino,387
Provolone,351
Raclette Cheese,357
Ricotta,174
Romano,387
Roquefort,369
Sheep Cheese,364
Soft Cheese,268
Stilton Cheese,393
String Cheese,250
Swiss Cheese,380
White Cheddar,403
Wisconsin Cheese,389
Chive Cream Cheese,342
Cottage Cheese,98
Cream Cheese,342
Cream Cheese with Herbs,342
Feta Cream Cheese,342
Garlic Cream Cheese,342
Goat Cheese,364
Horseradish,48
Mascarpone,450
Obatzda,303
Olive Cream Cheese,342
Pesto Cream Cheese,342
Philadelphia Cream Cheese,342
Pineapple Cream Cheese,342
Salmon Cream Cheese,342
Vegetable Cream Cheese,342
Walnut Cream Cheese,342
Almond Milk,17
Buttermilk,62
Chocolate Mousse,225
Coconut Milk,230
Coffee Creamer,195
Condensed Milk,321
Cottage Cheese,98
Cream,242
Creme Fraiche,393
Curd,98
Custard,122
Evaporated Milk,135
Goat Milk,69
Hot Chocolate,89
Kefir,55
Lactose-free Milk,52
Lassi,75
Milk,61
Plain Yogurt,61
Powdered Milk,496
Quark,145
Rice Milk,49
Rice Pudding,118
Semi-skimmed Milk,50
Semolina Pudding,67
Skim Milk,35
Sour Cream,181
Soy Milk,45
Sweetened Condensed Milk,321
Tzatziki,117
Whipped Cream,257
Whole Milk,61
Yogurt,61
American Cheese,148
Applewood,410
Bergkäse,418
Butter Cheese,388
Cheddar,403
Cheese Platter,357
Cheese Slices,356
Colby Cheese,394
Colby-Jack Cheese,394
Cold Pack Cheese,246
Edam,357
Edam Cheese,357
Emmental,357
Emmentaler,357
Esrom (Cheese),322
Fol Epi,388
Fresh Mozzarella,280
Gouda,356
Gouda Cheese,356
Havarti,371
Lacy Swiss Cheese,321
Leerdammer,284
Leerdammer Cheese,284
Maasdam Cheese,344
Monterey Jack Cheese,373
Mozzarella,280
Muenster Cheese,368
Pepper Cheese,100
Sandwich Cheese,148
Smoked Cheese,410
Tilsit,340
White American,148
White Cheddar,403
Young Gouda,356
Activia,74
Activia Lemon,100
Activia Strawberry,97
Aloe Vera Yogurt,85
Ayran,42
Bircher Muesli Yogurt,109
Blueberry Yogurt,105
Cherry Yogurt,97
Chocolate Yogurt,128
Cream Yogurt,124
Creamy Yogurt,90
Diet Yogurt,54
Fruit Yogurt,97
Greek Yogurt,53
Low-Fat Yogurt,63
Mocca Yogurt,100
Organic Yogurt,75
Peach Yogurt,97
Plain Yogurt,61
Probiotic Yogurt,80
Skim Milk Yogurt,56
Stracciatella Yogurt,139
Strawberry Yogurt,100
Vanilla Yogurt,101
Yogurt,61
Yogurt Corner,119
Yoplait Boston Cream Pie,90
Yoplait French Vanilla,100
Yoplait Greek Blueberry,100
Yoplait Greek Coconut,100
Yoplait Greek Strawberry,100
Yoplait Greek Vanilla,100
Yoplait Harvest Peach,100
Yoplait Key Lime Pie,100
Yoplait Mango,100
Yoplait Mixed Berry,100
Yoplait Pina Colada,100
Yoplait Strawberry,100
Yoplait Strawberry Banana,100
Yoplait Strawberry Cheesecake,100
Beef,171
Beef Brisket,137
Beef Fillet,189
Beef Goulash,123
Beef Minute Steak,133
Beef Neck,213
Beef Pancreas,271
Beef Patty,247
Beef Prime Rib,404
Beef Ribs,196
Beef Sirloin,182
Beef Suet,854
Beef Tallow,902
Beef Thymus,319
Beef Tripe,94
Chuck Roast,141
Chuck Steak,137
Filet Mignon,207
Flank Steak,194
Ground Beef,241
Ground Chuck,250
Ground Round,212
Minced Veal,143
Porterhouse Steak,247
Rib Eye Steak,217
Roast Beef,187
Rump Steak,171
Skirt Steak,205
Stew Beef,191
Strip Steak,117
T-Bone-Steak,221
Veal,282
Veal Breast,282
Veal Leg,211
Veal Roast Beef,175
Veal Shank,177
Veal Shoulder,183
Veal Sirloin,204
Veal Tenderloin,217
Baked Ham,343
Beef Salami,375
Boiled Ham,126
Bologna,247
Bresaola,178
Capicola,110
Chicken Breast Fillet,79
Chopped Ham,180
Chorizo,455
Corned Beef,251
Dutch Loaf,268
Ham,145
Ham Sausage,164
Head Cheese,157
Hickory Ham,188
Honey Ham,122
Liverwurst,326
Olive Loaf,232
Oven-Roasted Turkey Breast,104
Parma Ham,345
Pastrami,133
Pepperoni,494
Pimento Loaf,265
Pork Roast,247
Prosciutto,195
Roast Beef,267
Salami,336
Serrano Ham,300
Smoked Ham,107
Smoked Turkey Breast,104
Summer Sausage,298
Tongue,284
Turkey Breast,104
Turkey Ham,126
Turkey Salami,152
Alligator,232
Beef,248
Beef Brisket,242
Beef Jerky,410
Beef Ribs,238
Beef Tenderloin,218
Chicken,219
Chicken Breast,172
Chicken Drumstick,185
Chicken Fat,898
Chicken Giblets,158
Chicken Gizzards,146
Chicken Leg,174
Chicken Liver,167
Chicken Meat,172
Chicken Thigh,229
Chicken Wing,266
Chuck Steak,277
Cubed Steak,199
Duck,337
Filet Mignon,267
Flank Steak,194
Flat Iron Steak,137
Ground Beef,246
Ground Round,246
Ham,163
New York Strip Steak,199
Ostrich,145
Pork,196
Pork Baby Back Ribs,212
Pork Chops,196
Pork Country-Style Ribs,247
Pork Loin,204
Pork Roast,254
Pork Steaks,196
Roast Beef,140
Round Steak,182
Schnitzel,156
Spare Ribs,238
Standing Rib Roast,333
T-Bone Steak,202
Turkey,189
Turkey Breast,135
Turkey Legs,208
Turkey Steak,189
Turkey Wings,221
Beef Brain,196
Beef Heart,165
Beef Kidney,158
Beef Liver,191
Beef Lung,120
Beef Melt,271
Beef Tongue,284
Calf Brain,136
Calf Liver,192
Calf Lung,104
Calf Melt,256
Chicken Giblets,277
Chicken Heart,185
Chicken Liver,172
Chicken Stomach,148
Chitterlings,233
Duck Liver,136
Goose Liver,133
Hog Maws,157
Pig Brain,138
Pig Heart,148
Pig Kidney,151
Pig Lung,99
Pork Liver,165
Pork Melt,219
Pork Tongue,271
Turkey Giblets,173
Turkey Heart,174
Turkey Liver,189
Turkey Stomach,148
Veal Heart,186
Veal Kidney,163
Veal Tongue,202
Bacon,407
Brawn,309
Canadian-Style Bacon,107
Chitterlings,233
Ground Pork,263
Hog Maws,250
Lard,898
Meatloaf,89
Parma Ham,261
Pig Ear,166
Pig Fat,638
Pig’s Tail,396
Pig’s Trotter,243
Pork Bacon,407
Pork Belly,518
Pork Blade Steak,232
Pork Chop,123
Pork Country-Style Ribs,133
Pork Crown Roast,212
Pork Cutlet,131
Pork Cutlets,131
Pork Leg,201
Pork Loin,143
Pork Meatloaf,243
Pork Ragout,73
Pork Rib Roast,159
Pork Ribs,292
Pork Roast,194
Pork Sausage,339
Pork Shank,172
Pork Shoulder,269
Pork Shoulder Blade,232
Pork Stomach,250
Rack of Pork,241
Salt Meat,286
Salt Pork,286
Serrano Ham,339
Spare Ribs,396
Spareribs,238
Capon,229
Chicken,219
Chicken Breast,172
Chicken Drumsticks,185
Chicken Gizzards,154
Chicken Legs,174
Chicken Thighs,229
Chicken Wings,266
Cornish Hens,259
Dove,213
Duck,337
Duck Breast,201
Emu,152
Goose,305
Guinea-Fowl,158
Ostrich,145
Ostrich Meat,145
Pheasant,239
Pheasant Breast,133
Pheasant Leg,239
Pigeon,142
Poularde,200
Quail,227
Quail Breast,123
Rhea,160
Turkey,189
Turkey Breast,135
Turkey Cutlet,189
Turkey Drumsticks,208
Turkey Legs,208
Turkey Steak,189
Turkey Wings,221
Wild Duck,211
Andouille,232
Bacon,407
Black Pudding,379
Blood Sausage,379
Bockwurst,301
Boiled Ham,104
Bologna,247
Boudin,194
Bratwurst,297
Brawn,157
Breakfast Sausage Links,339
Cheese Pastry,374
Chicken Breast,79
Chicken Meat,79
Chicken Salad,81
Chorizo,455
Cooked Ham,133
Corned Beef,153
Cumberland Sausage,250
Frankfurters,305
Garlic Sausage,169
Hot Dogs,278
Hot Sausage,259
Italian Sausage,149
Jerky,410
Kielbasa,309
Knackwurst,307
Landjaeger,352
Linguica,282
Liver Pate,319
Liverwurst,326
Luncheon Meat,117
Mettwurst,310
Mortadella,311
Pastrami,133
Pepperoni,494
Polish Sausage,301
Pork,247
Pork Roll,302
Prosciutto,195
Ring Bologna,286
Salami,336
Sausage,230
Smoked Sausage,301
Souse,157
Spam,315
Weisswurst,313
Alligator,104
Alligator Meat,232
Antelope Meat,150
Bear Meat,259
Beaver Meat,212
Bison,171
Bison Meat,171
Bison Sirloin,171
Buffalo,131
Buffalo Meat,131
Caribou,159
Goose,238
Goose Meat,238
Lamb,202
Lamb Meat,202
Mallard Duck Meat,211
Mallard Meat,211
Moose,134
Moose Meat,134
Mutton,234
Mutton Meat,234
Ostrich,175
Ostrich Meat,175
Pheasant,239
Pheasant Meat,239
Rabbit,197
Racoon,255
Racoon Meat,255
Reindeer,200
Reindeer Meat,200
Squirrel,173
Squirrel Meat,173
Venison,164
Venison Sirloin,158
Wild Boar,160
Wild Boar Meat,160
Angel Food Cake,258
Apple Cake,252
Apple Cobbler,198
Apple Crisp,156
Apple Crumble,156
Apple Pie,237
Apple Strudel,274
Apple Turnover,348
Applesauce Cake,358
Baked Alaska,247
Bakewell Tart,430
Banoffee Pie,395
Birthday Cake,465
Black and White Cookie,381
Black Forest Cake,264
Blueberry Cobbler,234
Blueberry Muffin,377
Blueberry Pie,232
Bundt Cake,370
Buttermilk Pie,380
Caramel Cake,475
Carrot Cake,408
Cheesecake,321
Cherry Pie,260
Chess Pie,411
Chocolate Cake,389
Chocolate Cream Pie,304
Chocolate Mousse Cake,260
Chocolate Mousse Pie,260
Chocolate Muffin,420
Coconut Cake,356
Coffee Cake,331
Cream Puff,334
Crumb Cake,441
Cupcake,305
Danish Pastry,374
Donut,403
Doughnut,403
Flan,145
Flourless Chocolate Cake,509
French Cruller,412
Fruit Cake,324
Funnel Cake,307
German Chocolate Cake,370
Gingerbread,356
Ice Cream Cake,200
Key Lime Pie,359
King Cake,377
Layer Cake,402
Lemon Cake,352
Lemon Meringue Pie,268
Madeira Cake,394
Marble Cake,339
Meringue,285
Opera Cake,320
Paczki,336
Pancake,227
Panettone,360
Pavlova,294
Peach Cobbler,65
Peach Pie,223
Pecan Pie,407
Pineapple Upside-Down Cake,319
Plum Cake,109
Poppy-Seed Cake,394
Pound Cake,390
Profiterole,334
Puff Pastry,558
Pumpkin Bread,298
Pumpkin Cheesecake,340
Pumpkin Pie,243
Raspberry Pie,240
Red Velvet Cake,367
Rhubarb Pie,245
Rum Cake,351
Sacher Torte,352
Sponge Cake,289
Strawberry Cheesecake,327
Strawberry Pie,230
Strawberry Rhubarb Pie,281
Sweet Potato Pie,260
Swiss Roll,439
Tarte Tatin,210
Tiramisu,283
Tiramisu Cake,291
Treacle Tart,369
Tres Leches Cake,246
Trifle,180
Victoria Sponge Cake,257
Waffles,312
Wedding Cake,381
3 Musketeers,400
After Eight,452
Airheads,375
Almond Roca,571
Angel Delight,451
Animal Crackers,446
Baby Ruth,469
Butterfinger,450
Buttermilk Pancakes,238
Candy Apple,152
Candy Cane,423
Candy canes,423
Candy Corn,360
Candy Floss,400
Caramel Popcorn,376
Caramel squares,367
Celebrations,490
Cheez-It’s,533
Chocolate,529
Chocolate Bar,533
Chocolate Chips,493
Cookies,488
Cotton Candy,643
Eggy Bread,196
Fairy Cakes,440
Ferrero Rocher,576
Flapjack,486
Fortune Cookies,214
Granola Bars,452
Gumdrops,321
Gummi Bears,316
Hanuta,541
Hershey Kisses,471
Jelly Beans,354
Jelly Belly,354
Jolly Ranchers,385
Jordan Almonds,429
Kit Kat,521
Laffy Taffy,372
Licorice,375
LifeSavers,500
Lindt Chocolate,548
Liquorice,375
Lollipop,392
M&M’s,479
Maltesers,498
Mars Bar,448
Marshmallows,318
Marzipan,411
Mike and Ike,360
Milk Duds,422
Milky Way,449
PayDay,462
Peanut Bar,533
Peanut Brittle,183
Peanut Butter Bars,379
Peanut Butter Cookies,475
Peppermint bark,500
Pez,427
Pop Rocks,358
Popcorn,582
Pumpkin Seeds,560
Reeses Peanut Butter Cups,536
Rice Pudding,134
Roasted Almonds,452
Rolo,474
S’mores,500
Semolina,340
Skittles,405
Smarties,357
Smores,500
Snickers,484
Sour Patch Kids,363
Speculoos,469
Spritz Cookies,500
Take 5,476
Toblerone,525
Trifle,186
Twix,495
Waffles,272
Whoopie Pie,400
Baskin-Robbins,239
Ben and Jerry’s,228
Butter Pecan Ice Cream,248
Carvel,212
Chocolate Chip Ice Cream,215
Chocolate Ice Cream,216
Ciao Bella,109
Coffee Ice Cream,236
Cold Stone Creamery,232
Cookie Dough Ice Cream,200
Crunchie McFlurry,174
Dairy Milk McFlurry,186
Dippin Dots,224
Double Rainbow,257
Drumsticks,255
French Vanilla Ice Cream,201
Friendly’s,212
Healthy Choice,125
Hot Fudge Sundae,186
Ice Cream Sandwich,237
Ice Cream Sundae,142
Ice Milk,159
Magnolia,230
Magnum,300
Magnum Almond,315
Magnum Double Caramel,355
Magnum Double Chocolate,380
Magnum Gold,341
Magnum White,297
McFlurry,153
McFlurry Oreo,186
Mini Milk,120
Mint Chocolate Chip Ice Cream,239
Rocky Road Ice Cream,257
Schwan’s,246
Smarties McFlurry,198
Snickers Ice Cream,360
Soft Serve,222
Solero,100
Strawberry Ice Cream,236
Strawberry Sundae,158
Sundae,215
Turkey Hill,271
Vanilla Cone,162
Vanilla Ice Cream,201
Acai Juice,58
Aloe Vera,44
Apple Juice,46
Apricot Nectar,56
Banana Juice,50
Blackberry Juice,48
Boysenberry Juice,54
Capri-Sun,41
Carrot Juice,40
Chamomile Tea,0
Cherry Juice,45
Clamato,60
Coconut Milk,233
Coconut Water,19
Concord Grape,71
Cranberry Apple Juice,67
Cranberry Grape Juice,71
Cranberry Juice,46
Cucumber Juice,10
Currant Juice,48
Energy-Drink,87
Fruitopia,110
Grape Juice,60
Grapefruit Juice,46
Lemon Juice,21
Lemonade,50
Lime Juice,21
Limeade,128
Mango Lassi,66
Nestea,21
Orange Juice,46
Papaya Juice,58
Passion Fruit Juice,48
Peach Juice,54
Peach Nectar,54
Pear Juice,60
Pear Nectar,60
Pineapple Juice,53
Pineapple Orange Juice,50
Plum Juice,71
Pomegranate Juice,66
Sauerkraut Juice,14
Tangerine Juice,43
Tomato Juice,17
Vegetable Juice,21
White Grape Juice,75
Absinthe,348
Advocaat,283
Amaretto,310
Applejack,233
Asti,138
Bailey’s Irish Cream,327
Baileys,327
Beer,43
Blue Curacao,243
Bourbon,233
Brandy,213
Canadian Whiskey,216
Chambord,348
Champagne,75
Cider,49
Cognac,235
Cointreau,320
Drambuie,358
Frangelico,238
Gin,263
Glenfiddich,230
Grand Marnier,253
Irish Whiskey,233
Jack Daniel’s,146
Jagermeister,250
Jim Beam,222
Kahlua,180
Liqueur,250
Liquor,250
Midori,267
Prosecco,66
Punch,62
Red Wine,85
Rose Wine,71
Rum,231
Sambuca,333
Sangria,96
Scotch,222
Sherry,116
Sloe Gin,332
Southern Comfort,247
Tequila,110
Triple Sec,153
Vermouth,130
Vodka,231
Whisky,250
White Wine,82
Wine,83
Ale,35
Altbier,43
Bass,45
Beck’s,39
Beer,43
Blue Moon,48
Bock Beer,50
Buckler (N.A.),21
Bud Ice,35
Bud Light,29
Bud Light Chelada,43
Bud Light Lime,34
Bud Select,28
Bud Select 55,15
Budweiser,41
Budweiser Chelada,52
Busch,37
Busch Light,27
Busch N.A.,17
Carlsberg,32
Clausthaler (N.A.),26
Colt 45,44
Coors,42
Coors Light,29
Coors N.A.,18
Corona,42
Dark Beer,46
Genesee Cream Ale,46
Ginger Beer,42
Guinness,35
Heineken,35
Honey Brown,42
Hurricane High Gravity,39
IPA,51
Keystone Ice,40
Keystone Light,29
Koelsch,43
Labatt,43
Lager Beer,43
Land Shark,42
Light Beer,29
Lowenbrau,45
Malt Beer,37
Michelob Amber Bock,47
Michelob Lager,44
Michelob Light,32
Michelob Ultra,27
Michelob Ultra Amber,26
Michelob Ultra Lime Cactus,27
Miller Chill,31
Miller Genuine Draft,40
Miller High Life,40
Miller High Life Light,31
Miller Lite,27
Milwaukee’s Best,36
Milwaukee’s Best Light,28
Molson,42
Natural Ice,44
Natural Light,27
Newcastle,39
Non-alcoholic Beer,37
O’Doul’s (N.A.),19
Old Milwaukee,41
Old Milwaukee N.A.,16
Olde English,45
Pabst Blue Ribbon,41
Pale Ale,42
Pilsner,43
Porter,54
Redbridge (Gluten-free),45
Rolling Rock,37
Rolling Rock Light,30
Root Beer,41
Samuel Adams,45
Shock Top,47
Shock Top Raspberry Wheat,50
Sierra Nevada Strong,62
Sparks,74
St. Pauli Girl,42
Steel Reserve,63
Stout,51
Stout Beer,51
Strong Beer,55
Tilt,64
Wheat Beer,45
ACE Drink,44
Apple Spritzer,24
Chai,0
Chai Tea,0
Chocolate Milk,89
Chocolate Milkshake,125
Club Mate,30
Coca Cola,42
Coffee,1
Coke Zero,1
Cola,42
Crystal Light,263
Diet Coke,1
Egg Cream,94
Egg Nog,88
Elderflower Cordial,29
Evian,0
Gatorade,23
Ginger Tea,0
Hawaiian Punch,31
Hi-C,49
Horchata,54
Hot Chocolate,89
Ice Tea,27
Iced Tea,27
Karamalz,37
Kombucha,13
Kool-Aid,26
Lassi,104
Latte Macchiato,57
Lemonade,42
Malt Beer,37
Milk,61
Milkshake (dry),329
Milo,409
Nectar,53
Nestea,36
Non-alcoholic Beer,37
Powerade,16
Slurpee,4
Slush Puppie,50
Smoothie,37
Soy Milk,45
Strawberry Milkshake,113
Tang,381
Tap Water,0
Tea,1
Vanilla Milkshake,149
Volvic,0
Water,0
Yerba Mate,62
7up,44
Barq’s,46
Bitter Lemon,34
Canada Dry Ginger Ale,41
Cherry Coke,44
Coke,42
Coke Zero,0
Diet Cherry Coke,1
Diet Coke,1
Diet Dr. Pepper,0
Diet Pepsi,0
Diet Sunkist,0
Dr. Brown’s,53
Dr. Pepper,27
Fanta,39
Fanta Zero,0
Five Alive,35
Fresca,0
Full Throttle,110
Fuze,20
Fuze Tea,25
Gatorade,25
Ginger Ale,35
Ice Tea,27
Jolt Cola,44
Kool-Aid,26
Lemonade,42
Mello Yello,49
Minute Maid,46
Minute Maid Light,2
Mug Root Beer,42
Orange Soda,48
Pepsi,44
Pibb Xtra,40
Powerade,120
Schweppes Ginger Ale,38
Soda,53
Sprite,37
Sprite Zero,0
Squirt,44
Sunkist,25
Surge,48
TaB,0
Tonic Water,35
Vanilla Coke,45
Cabernet Sauvignon,77
Cava,76
Champagne,76
Chardonnay,85
Chenin Blanc,80
Chocolate Wine,256
Dry Red Wine,85
Gamay,78
Malbec,82
Malbec Wine,82
Marsala Wine,100
Merlot,83
Merlot Wine,83
Moscato Wine,76
Mulled Wine,196
Pinot Gris,83
Pinot Noir,75
Plum Wine,163
Port Wine,160
Prosecco,71
Red Wine,85
Red Wines,85
Riesling,80
Riesling Wine,80
Rose Wine,71
Sangria,132
Sauvignon Blanc,81
Sherry,116
Shiraz,71
Sparkling Wine,190
Sweet Red Wine,81
Sweet White Wine,82
Sweet Wines,83
Vermouth,108
White Wine,82
White Zinfandel,88
Wine,83
Yellow Tail Wine,71
Zinfandel,88
Amaranth,371
Barley,354
Barley Groats,100
Brown Rice,388
Buckwheat,343
Buckwheat Groats,346
Corn Waffles,274
Cornmeal,362
Cornstarch,381
Couscous,376
Cracker,502
Durum Wheat Semolina,397
Flaxseed,534
Freekeh,520
Gluten,370
Grissini,408
Kamut,337
Millet,378
Millet Flour,372
Millet Gruel,46
Oat Bran,246
Pearl Barley,352
Polenta,366
Prawn Crackers,527
Pretzel Sticks,380
Quinoa,368
Rusk,410
Rye Bran,281
Sago,354
Savoury Biscuits,347
Shortbread,502
Spelt,338
Spelt Bran,177
Spelt Semolina,360
Sunflower Seeds,584
Tortilla,237
Tortilla Chips,499
Wheat Bran,216
Wheat Germ,382
Wheat Gluten,325
Wheat Semolina,360
Wheat Starch,351
Whole Grain Wheat,339
Wholegrain Oat,375
Bran Flakes,356
Cap’n Crunch,404
Cheerios,347
Chex,387
Chocolate Cheerios,367
Chocos,380
Cinnamon Toast Crunch,433
Coco Pops,376
Cocoa Krispies,386
Cocoa Pebbles,367
Cocoa Puffs,400
Cookie Crisp,400
Corn Flakes,357
Corn Pops,377
Count Chocula,407
Cracklin Oat Bran,402
Cream of Wheat,364
Crunchy Nut,600
Crunchy Nut Cornflakes,600
Fiber One,267
Froot Loops,379
Frosted Cheerios,393
Frosted Flakes,367
Frosted Mini-Wheats,353
Frosties,367
Fruity Pebbles,400
Golden Grahams,400
Grape-Nuts,362
Honey Nut Cheerios,393
Honey Smacks,370
Honeycomb,397
Just Right,391
Kashi,377
Kelloggs Corn Flakes,357
Kix,367
Krave,372
Life Cereal,375
Lucky Charms,406
Malt-O-Meal,51
Mini-Wheats,353
Muesli,336
Multigrain Cheerios,380
Nutri-Grain,351
Oatibix,421
Oatmeal,375
Peanut Butter Toast Crunch,431
Post Raisin Bran,322
Post Shredded Wheat,347
Puff,367
Puffed Rice,383
Puffed Wheat,367
Quaker Grits,344
Quaker Oatmeal,375
Quaker Oatmeal Squares,400
Raisin Bran,322
Raisin Bran Crunch,355
Raisin Bran Crunch,355
Raisin Nut Bran,367
Ready Brek,359
Rice Chex,387
Rice Krispies,394
Scooters,367
Shredded Wheat,340
Shreddies,351
Smart Start,371
Special K,377
Special K Chocolatey Delight,388
Special K Protein Plus,375
Special K Red Berries,345
Sugar Puffs,379
Toasties,361
Trix,400
Weet-Bix,353
Weetabix,358
Weetos,378
Wheaties,367
Cannelloni,146
Capellini,353
Cappelletti,164
Cellophane Noodles,351
Cheese Tortellini,291
Dampfnudel,274
Dumpling Dough,99
Durum Wheat Semolina,397
Egg Noodles,384
Farfalle,358
Fettuccine,353
Fusilli,352
Glass Noodles,192
Lasagne Sheets,271
Linguine,357
Low Carb Pasta,282
Macaroni,370
Manicotti,357
Mostaccioli,184
Orecchiette,370
Orzo,357
Penne,351
Penne Rigate,370
Pierogi,200
Ravioli,77
Rigatoni,353
Rotini,353
Shells,353
Shirataki Noodles,18
Soy Noodles,216
Spaetzle,368
Spaghetti,370
Spinach Tortellini,314
Spirelli,367
Tagliatelle,370
Tortellini,291
Vermicelli,368
Whole Grain Noodles,347
Whole Grain Spaghetti,351
Ziti,352
Baby Back Ribs,259
Bacon and Eggs,252
Baked Beans,94
Baked Chicken,164
BBQ Ribs,255
Beef Stew,95
Biryani,176
Black Pudding,253
Black Rice,323
BLT,247
Brown Rice,362
Burrito,163
Butter Chicken,140
California Roll,93
Chicken Caesar Salad,127
Chicken Fried Steak,151
Chicken Marsala,96
Chicken Parmesan,110
Chicken Pot Pie,223
Chicken Tikka Masala,81
Chili con Carne,105
Chimichanga,232
Cobb Salad,118
Collard Greens,28
Corn Dog,250
Corned Beef Hash,164
Cottage Pie,139
Dal,330
Deviled Eggs,201
Dim Sum,193
Dosa,66
Enchiladas,168
Fajita,117
Fish and Chips,195
Fried Rice,186
Fried Shrimp,277
Grilled Cheese Sandwich,288
Ham and Cheese Sandwich,241
Hummus,177
Jambalaya,100
Kebab,215
Lasagne,132
Mac and Cheese,370
Macaroni and Cheese,370
Mashed Potatoes,83
Meat Pie,242
Meatloaf,254
Naan,310
Orange Chicken,259
Pad Thai,150
Paella,156
Paratha,325
Pea Soup,75
Peanut Butter Sandwich,408
Peking Duck,225
Philly Cheese Steak,250
Pizza,267
Pork Chop,225
Potato Salad,143
Pulled Pork Sandwich,211
Ramen,447
Ravioli,203
Reuben Sandwich,208
Roast Beef,111
Roast Dinner,198
Samosa,214
Sausage Roll,350
Sausage Rolls,297
Shepherds Pie,70
Shrimp Cocktail,464
Sloppy Joe,71
Sloppy Joes,154
Spaghetti Bolognese,132
Spring Roll,250
Spring Rolls,250
Taco,217
Tandoori Chicken,113
Yorkshire Pudding,553
Alphabet Soup,25
Bean Stew,133
Beef Bouillon,3
Beef Noodle Soup,34
Beef Soup,33
Bouillon,16
Broccoli Cheese Soup,87
Broccoli Soup,87
Cabbage Soup,28
Carrot Ginger Soup,25
Carrot Soup,25
Chicken Bouillon,4
Chicken Broth,16
Chicken Gumbo Soup,23
Chicken Noodle Soup,25
Chicken Stock,16
Chicken Vegetable Soup,31
Chicken with Rice Soup,24
Cream of Asparagus Soup,35
Cream of Broccoli Soup,45
Cream of Celery Soup,37
Cream of Chicken Soup,48
Cream of Mushroom Soup,39
Cream of Onion Soup,44
Cream of Potato Soup,30
Creamy Chicken Noodle Soup,23
French Onion Soup,23
Golden Mushroom Soup,65
Goulash,1009
Instant Ramen,436
Lentil Soup,56
Lobster Bisque Soup,100
Meatball Soup,49
Minestrone,34
Mushroom Soup,35
Noodle Soup,34
Onion Soup,23
Oxtail Soup,28
Pea Soup,75
Potato Soup,80
Pumpkin Soup,29
Ramen,436
Scotch Broth,33
Succotash,115
Thai Soup,60
Tomato Rice Soup,47
Tomato Soup,30
Vegetable Beef Soup,31
Vegetable Broth,5
Vegetable Soup,28
Vegetable Stock,5
Wedding Soup,53
Azuki Bean,124
Bamboo Shoots,27
Bean Curd,76
Bean Sprouts,30
Bengal Gram,364
Black Beans,341
Black Chickpeas,364
Black Gram,341
Brown Lentil,353
Butternut,612
Chickpeas,364
Chili Bean,97
Dal,230
Deep-Fried Tofu,271
Extra-Firm Tofu,91
Firm Tofu,70
Flageolet,85
Fried Bean Curd,271
Green Beans,31
Green Gram,347
Green Lentil,257
Kidney Beans,337
Lentils,353
Lima Beans,71
Marron,210
Miso,199
Mung Beans,12
Natto,212
Navy Bean,337
Okara,77
Okra,33
Peanuts,567
Peas,42
Pecan,691
Pinto Beans,347
Puy Lentils,345
Rajma,140
Red Beans,124
Red Kidney Bean,337
Red Lentils,329
Refried Beans,91
Roasted Soybeans,471
Silken Tofu,55
Soft Tofu,61
Soy Cheese,235
Soy Mayonnaise,322
Soy Nut Butter,562
Soy Nuts,471
Soy Yogurt,66
Soya Cheese,235
Soybeans,147
Soynut Butter,562
Sugar Peas,42
Sweet Peas,48
Tempeh,193
Textured Soy Protein,571
Textured Vegetable Protein,333
Tofu,76
White Beans,336
Yam Bean,38
Yellow Lentils,304
Yuba,176
Acorn,387
Alfalfa Sprouts,23
Almonds,575
Beechnut,576
Brazil Nuts,656
Breadfruit,191
Butternut,612
Cashew,553
Chestnut,213
Chia Seeds,486
Coconut,354
Cotton Seeds,506
Flaxseed,534
Ginkgo Nuts,182
Goa Bean,409
Hazelnut,628
Hickory Nuts,657
Lima Beans,71
Lotus Seed,89
Macadamia Nuts,718
Peanuts,567
Peas,81
Pecan Nuts,691
Pecans,691
Pili Nuts,719
Pine Nuts,673
Pinto Beans,347
Pistachios,562
Poppy Seeds,525
Pumpkin Seeds,559
Radish Seeds,43
Safflower Seeds,517
Sesame Seeds,573
Smoked Almonds,575
Soy Beans,147
Sunflower Seeds,584
Sweet Chestnut,194
Walnuts,654
Watermelon,30
Almond Oil,882
Avocado Oil,857
Butter,720
Canola Oil,884
Coconut Oil,857
Cod Liver Oil,1000
Corn Oil,800
Cottonseed Oil,882
Flaxseed Oil,884
Ghee,120
Goose Fat,898
Grape Seed Oil,884
Hemp Oil,807
Herring Oil,902
I can\’t believe it\’s not Butter,357
Lard,902
Macadamia Oil,819
Margarine,717
Mustard Oil,884
Olive Oil,884
Palm Oil,882
Peanut Oil,857
Real Butter,720
Rice Bran Oil,889
Safflower Oil,857
Sardine Oil,902
Sesame Oil,884
Soybean Oil,889
Sunflower Oil,884
Walnut Oil,889
Almond Oil,882
Apricot Kernel Oil,889
Argan Oil,896
Avocado Oil,857
Babassu Oil,884
Canola Oil,884
Coconut Oil,857
Corn Oil,800
Cottonseed Oil,882
Flaxseed Oil,884
Grape Seed Oil,884
Hazelnut Oil,889
Linseed Oil,837
Menhaden Oil,911
Mustard Oil,884
Oat Oil,884
Olive Oil,800
Palm Kernel Oil,882
Palm Oil,882
Peanut Oil,857
Poppy Seed Oil,884
Pumpkin Seed Oil,880
Rice Bran Oil,889
Safflower Oil,857
Salmon Oil,911
Sesame Oil,889
Shea Oil,884
Soy Oil,882
Sunflower Oil,884
Tomato Seed Oil,884
Vegetable Oil,800
Walnut Oil,889
Wheat Germ Oil,929
Agar-Agar,26
Agave Syrup,310
All Purpose Flour,364
Almond Extract,258
Almonds,529
Apple Pie Filling,100
Baking Powder,53
Baking Soda,0
Bread Flour,361
Brittle,592
Brown Sugar,395
Buttermilk,62
Butterscotch Chips,539
Cake Flour,362
Candied Orange Peel,97
Cane Sugar,387
Chocolate Chips,467
Chocolate Sprinkles,500
Cocoa Powder,228
Coconut Flakes,456
Coconut Milk,50
Corn Flour,361
Corn Syrup,281
Cornmeal,362
Cornstarch,381
Couverture,600
Cream Cheese,54
Cream of Tartar,258
Crystallized Ginger,335
Custard Powder,337
Dark Rum,216
Dextrose,375
Dried Apricots,241
Dried Cranberries,308
Dried Figs,249
Dried Prunes,107
Duck Egg,185
Egg,97
Egg Nog,88
Egg White,13
Egg Yolk,322
Evaporated Milk,134
Flour,364
Fructose,368
Gelatin,335
Glucose,286
Glucose Syrup,387
Granulated Sugar,387
Ground Cinnamon,247
Hazelnuts,628
Heavy Cream,345
Jaggery,383
Lemon Pie Filling,143
Malt Powder,361
Malted Milk,405
Maltitol,210
Maltodextrin,375
Maltose,344
Maple Syrup,270
Molasses,290
Nonpareils,475
Peppermint Extract,0
Poppy Seeds,525
Powdered Milk,496
Powdered Sugar,389
Protein Powder,411
Raisins,474
Rice Milk,49
Rock Sugar,625
Rolled Oats,384
Rum,246
Semolina Flour,350
Sesame Seeds,573
Shredded Coconut,501
Sorbitol,375
Soy Milk,41
Soy Protein Powder,338
Sprinkles,500
Starch,381
Strawberry Preserves,278
Sucrose,387
Sugar,405
Sunflower Seeds,117
Sweetened Condensed Milk,321
Sweetener,360
Unsalted Butter,717
Vanilla Extract,288
Vanilla Sugar,357
Vegetable Oil,884
Vegetable Shortening,884
Walnuts,131
Whole Milk,61
Whole Wheat Flour,340
Xylitol,240
Yeast (dry),325
Anchovy,131
Bluefish,159
Bream,135
Butterfish,187
Calamari,175
Carp,162
Caviar,264
Clam,148
Cod,105
Crawfish,82
Crayfish,87
Eel,236
Fish Fingers,290
Fish Sticks,290
Flounder,86
Grouper,118
Haddock,90
Hake,71
Halibut,111
Herring,203
Hoki,121
Kipper,217
Ling,109
Lobster,89
Mackerel,262
Milkfish,190
Monkfish,97
Mullet,150
Mussel,172
Octopus,164
Pickerel,111
Pickled Herring,262
Pike,113
Plaice,91
Pollack,111
Red Snapper,128
Redfish,94
Rollmops,171
Salmon,206
Sardines,208
Scallops,111
Scampi,84
Sea Bass,124
Shad,252
Shark,130
Smelt,124
Sole,86
Squid,92
Sturgeon,135
Sushi,150
Swordfish,172
Triggerfish,93
Trout,190
Tuna,132
Tuna Salad,187
Turbot,122
Wahoo,167
Whitefish,172
Whiting,116
Zander,84
Almond Extract,374
Anise,337
Anise Seed,337
Arrowroot,65
Arugula,25
Balsamic Vinegar,88
Basil,233
Black Pepper,251
Black Sesame Seeds,573
Broth,100
Capers,23
Caraway Seeds,333
Cardamom,311
Cassava,160
Cayenne Pepper,318
Chard,19
Chicory Greens,23
Chicory Roots,72
Chili,282
Chili Powder,282
Chives,30
Cider Vinegar,21
Cilantro,23
Cinnamon,247
Cloves,274
Coriander,23
Cream of Tartar,258
Cress,32
Crystallized Ginger,335
Cumin,375
Cumin Seed,375
Curry,325
Dandelion,45
Dill,43
Dill Weed,43
Fennel,31
Fennel Seed,345
Fenugreek,323
Garlic,149
Garlic Powder,331
Garlic Salt,0
Ginger,80
Grape Leaves,93
Ground Ginger,335
Horseradish,48
Hot Pepper,318
Iodized Salt,0
Jalapeno,13
Juniper,45
Lemon Grass,99
Licorice,375
Maggi,104
Marjoram,271
Minced Onion,40
Mint,70
Mustard Seed,508
Nutmeg,525
Okra,33
Onion,40
Onion Powder,341
Orange Peel,97
Oregano,265
Paprika,282
Parsley,36
Parsnip,75
Pepper,251
Poppy Seed,525
Poultry Seasoning,307
Pumpkin Pie Spice,342
Red Pepper,251
Red Wine Vinegar,19
Rosemary,131
Saffron,310
Sage,315
Salt,0
Savory,272
Sea Salt,0
Serrano Pepper,32
Sesame Seeds,573
Stevia,0
Tamarind,239
Taro,112
Tarragon,295
Thyme,276
Turmeric,354
Vanilla Bean,250
Vanilla Extract,288
Vinegar,18
White Pepper,296
Yam,118
Apple Pie,237
Apple Turnover,348
Bagel,257
Baguette,274
Banana Bread,326
Banana Nut Bread,326
Beer Bread,227
Biscuit,269
Black Bread,250
Bran Muffins,270
Bread Pudding,153
Breadsticks,400
Brioche,346
Brown Bread,246
Brownies,405
Bun,316
Cannoli,254
Caramel Cake,385
Challah,283
Chapati,240
Ciabatta,271
Cinnamon Bun,436
Coffee Cake,418
Conchas/Mexican Sweet Bread,353
Cornbread,179
Crepes,224
Croissant,406
Crumpet,178
Cupcakes,305
Donut/Doughnut,421
Dosa,209
Empanada,335
English Muffin,227
Flatbread,311
Focaccia,249
Garlic Bread,350
Hot Dog Buns,279
Italian Bread,271
Latkes,189
Matzo Bread,351
Monkey Bread,290
Muffin,296
Multi-Grain Bread,265
Naan,275
Oatmeal Cookies,450
Oatmeal Raisin Cookies,435
Pan de Sal,293
Pancake,233
Pandesal,293
Panettone,318
Pide,268
Pie,237
Pita Bread,275
Potato Bread,266
Pretzel,338
Pretzel Roll,338
Puff Pastry,558
Pumpernickel,250
Raisin Bread,274
Roll,316
Roti,264
Rye Bread,259
Sandwich,304
Sandwich Bread,251
Scone,362
Shortcrust Pastry,544
Soda Bread,290
Soufflé,204
Sourdough Bread,289
Spanakopita,246
Spice Cake,332
Sweet Rolls,333
Swiss Roll,313
Toast,261
Tortilla,297
Tortilla Bread,265
White Bread,238
Whole Wheat Bread,247
1000 Island Dressing,370
Ajvar,18
Arrabiata Sauce,36
Balsamic Vinaigrette Dressing,290
Barbecue Sauce,150
Bechamel Sauce,225
Bernaise Sauce,414
Blue Cheese Dressing,533
Bolognese,106
Buttermilk Ranch Dressing,533
Caesar Dressing,429
Catalina Dressing,282
Chasseur Sauce,45
Chili Sauce,112
Cream Sauce,180
Curry Ketchup,124
Curry Sauce,26
French Dressing,60
Gravy,53
Greek Dressing,467
Hamburger Sauce,383
Harissa,52
Hollandaise Sauce,535
Honey Mustard Dressing,464
Horseradish,48
Italian Dressing,293
Ketchup,100
Mayonnaise,692
Mustard,60
Mustard Sauce,645
Orange Sauce,179
Pesto,458
Ranch Dressing,510
Remoulade Sauce,635
Russian Dressing,400
Salad Dressing,449
Sambal Oelek,21
Sesame Ginger Dressing,464
Sesame Paste,595
Sour Cream,217
Sour Cream Sauce,60
Soy Sauce,67
Sweet and Sour Sauce,179
Tabasco,70
Teriyaki Sauce,89
Thai Curry Paste,155
Tomato Paste,82
Tomato Puree,38
Tomato Sauce,24
Tzatziki,94
Vinaigrette,120
Worcestershire Sauce,78
Yogurt Dressing,45
Zesty Italian Dressing,267
Almond Butter,614
Apple Butter,173
Applesauce,68
Apricot Jam,250
Blackberry Jam,250
Blackcurrant Jam,250
Blueberry Jam,250
Cheese Spread,290
Cherry Jam,250
Chocolate Philadelphia,287
Chocolate Spread,541
Cream Cheese,342
Egg,97
Grape Jelly,255
Honey,304
Jelly,278
Jif Peanut Butter,580
Liverwurst,305
Margarine,717
Marmite,225
Marshmallow Fluff,666
Nutella,544
Olive Spread,550
"Pâté (720), Pate",319
Peanut Butter,589
Peter Pan Peanut Butter,609
Philadelphia Cream Cheese,342
Plum Jam,250
Salted Butter,717
Skippy Peanut Butter,594
Smuckers Strawberry Jam,250
Strawberry Jam,250
Strawberry Jelly,250
Sunbutter,617
Sunflower Butter,617
Tapenade,233
Unsalted Butter,717
Vegemite,180
Wild Honey,286